{"version": "1", "message": "ERROR: Hidden Testcases server unreachable.", "problem_id": "ads2_m2_a1_1", "user_id": "khyathimsit", "score": {"sample": {"0": {"execution_time": 0.15966367721557617, "passed": true}, "1": {"execution_time": 0.2532155513763428, "passed": true}, "2": {"execution_time": 0.2343001365661621, "passed": true}, "3": {"execution_time": 0.21022772789001465, "passed": true}, "4": {"execution_time": 0.20325541496276855, "passed": true}, "5": {"execution_time": 0.22517180442810059, "passed": true}, "6": {"execution_time": 0.19440865516662598, "passed": true}, "7": {"execution_time": 0.2505180835723877, "passed": true}, "8": {"execution_time": 0.21405816078186035, "passed": true}, "9": {"execution_time": 0.2201371192932129, "passed": true}, "10": {"execution_time": 0.15429472923278809, "passed": true}, "11": {"execution_time": 0.2065572738647461, "passed": true}, "12": {"execution_time": 0.21588540077209473, "passed": true}, "13": {"execution_time": 0.28475499153137207, "passed": true}, "14": {"execution_time": 0.2341752052307129, "passed": true}, "15": {"execution_time": 0.2842679023742676, "passed": true}, "16": {"execution_time": 0.22974658012390137, "passed": true}, "17": {"execution_time": 0.21291637420654297, "passed": true}, "18": {"execution_time": 0.23653721809387207, "passed": true}, "19": {"execution_time": 0.18221163749694824, "passed": true}, "20": {"execution_time": 0.22980618476867676, "passed": true}, "21": {"execution_time": 0.16747784614562988, "passed": true}, "22": {"execution_time": 0.3108036518096924, "passed": true}, "23": {"execution_time": 0.2901952266693115, "passed": true}}}, "check_style_score": "0/1"}