{"version": "1", "message": "ERROR: Hidden Testcases server unreachable.", "problem_id": "ads2_m2_a1_1", "user_id": "khyathimsit", "score": {"sample": {"0": {"execution_time": 0.18772482872009277, "passed": true}, "1": {"execution_time": 0.48003649711608887, "passed": true}, "2": {"execution_time": 0.41455554962158203, "passed": true}, "3": {"execution_time": 0.2727372646331787, "passed": true}, "4": {"execution_time": 0.32453083992004395, "passed": true}, "5": {"execution_time": 0.263195276260376, "passed": true}, "6": {"execution_time": 0.22436261177062988, "passed": true}, "7": {"execution_time": 0.22911310195922852, "passed": true}, "8": {"execution_time": 0.4413022994995117, "passed": true}, "9": {"execution_time": 0.2742631435394287, "passed": false}, "10": {"execution_time": 0.33568763732910156, "passed": true}, "11": {"execution_time": 0.3222494125366211, "passed": false}, "12": {"execution_time": 0.2501556873321533, "passed": true}, "13": {"execution_time": 0.2941296100616455, "passed": true}, "14": {"execution_time": 0.29183363914489746, "passed": false}, "15": {"execution_time": 0.3259916305541992, "passed": true}, "16": {"execution_time": 0.42617034912109375, "passed": true}, "17": {"execution_time": 0.4238455295562744, "passed": true}, "18": {"execution_time": 0.4642305374145508, "passed": false}, "19": {"execution_time": 0.39107370376586914, "passed": true}, "20": {"execution_time": 0.38465189933776855, "passed": false}, "21": {"execution_time": 0.32917118072509766, "passed": true}, "22": {"execution_time": 0.32865476608276367, "passed": true}, "23": {"execution_time": 0.45082783699035645, "passed": false}}}, "check_style_score": "0/1"}