{"version": "1", "message": "ERROR: Hidden Testcases server unreachable.", "problem_id": "ads2_m2_a1_1", "user_id": "khyathimsit", "score": {"sample": {"0": {"execution_time": 0.29959774017333984, "passed": true}, "1": {"execution_time": 0.2001810073852539, "passed": true}, "2": {"execution_time": 0.14016008377075195, "passed": true}, "3": {"execution_time": 0.2303469181060791, "passed": true}, "4": {"execution_time": 0.19809508323669434, "passed": true}, "5": {"execution_time": 0.23037934303283691, "passed": true}, "6": {"execution_time": 0.30321383476257324, "passed": true}, "7": {"execution_time": 0.2134542465209961, "passed": true}, "8": {"execution_time": 0.19522547721862793, "passed": true}, "9": {"execution_time": 0.23746037483215332, "passed": true}, "10": {"execution_time": 0.21851468086242676, "passed": true}, "11": {"execution_time": 0.19246530532836914, "passed": true}, "12": {"execution_time": 0.2518017292022705, "passed": true}, "13": {"execution_time": 0.22532367706298828, "passed": true}, "14": {"execution_time": 0.19420909881591797, "passed": true}, "15": {"execution_time": 0.22141671180725098, "passed": true}, "16": {"execution_time": 0.23440027236938477, "passed": true}, "17": {"execution_time": 0.2559628486633301, "passed": true}, "18": {"execution_time": 0.23152709007263184, "passed": true}, "19": {"execution_time": 0.29592061042785645, "passed": true}, "20": {"execution_time": 0.23678231239318848, "passed": true}, "21": {"execution_time": 0.15936636924743652, "passed": true}, "22": {"execution_time": 0.30054283142089844, "passed": true}, "23": {"execution_time": 0.30823421478271484, "passed": true}}}, "check_style_score": "0/1"}