{"version": "1", "message": "ERROR: Hidden Testcases server unreachable.", "problem_id": "ads2_m2_a1_1", "user_id": "khyathimsit", "score": {"sample": {"0": {"execution_time": 0.498415470123291, "passed": true}, "1": {"execution_time": 0.44350743293762207, "passed": true}, "2": {"execution_time": 0.31429386138916016, "passed": true}, "3": {"execution_time": 0.4414799213409424, "passed": true}, "4": {"execution_time": 0.34223079681396484, "passed": true}, "5": {"execution_time": 0.28812432289123535, "passed": true}, "6": {"execution_time": 0.37879276275634766, "passed": true}, "7": {"execution_time": 0.5214264392852783, "passed": true}, "8": {"execution_time": 0.44591403007507324, "passed": true}, "9": {"execution_time": 0.4076850414276123, "passed": false}, "10": {"execution_time": 0.18793582916259766, "passed": true}, "11": {"execution_time": 0.47072315216064453, "passed": false}, "12": {"execution_time": 0.19637084007263184, "passed": true}, "13": {"execution_time": 0.4169504642486572, "passed": true}, "14": {"execution_time": 0.32219982147216797, "passed": false}, "15": {"execution_time": 0.21000981330871582, "passed": true}, "16": {"execution_time": 0.40531444549560547, "passed": true}, "17": {"execution_time": 0.491774320602417, "passed": true}, "18": {"execution_time": 0.47612810134887695, "passed": false}, "19": {"execution_time": 0.4734072685241699, "passed": true}, "20": {"execution_time": 0.4480433464050293, "passed": false}, "21": {"execution_time": 0.3164494037628174, "passed": true}, "22": {"execution_time": 0.35258936882019043, "passed": true}, "23": {"execution_time": 0.5173604488372803, "passed": false}}}, "check_style_score": "0/1"}