{"version": "1", "message": "ERROR: Hidden Testcases server unreachable.", "problem_id": "ads2_m2_a1_1", "user_id": "khyathimsit", "score": {"sample": {"0": {"execution_time": 0.25187063217163086, "passed": true}, "1": {"execution_time": 0.3998093605041504, "passed": true}, "2": {"execution_time": 0.30066347122192383, "passed": true}, "3": {"execution_time": 0.23798823356628418, "passed": true}, "4": {"execution_time": 0.24016046524047852, "passed": true}, "5": {"execution_time": 0.2641425132751465, "passed": true}, "6": {"execution_time": 0.3838334083557129, "passed": true}, "7": {"execution_time": 0.3272693157196045, "passed": true}, "8": {"execution_time": 0.2684469223022461, "passed": true}, "9": {"execution_time": 0.32222628593444824, "passed": false}, "10": {"execution_time": 0.3475642204284668, "passed": true}, "11": {"execution_time": 0.26598596572875977, "passed": false}, "12": {"execution_time": 0.3427259922027588, "passed": true}, "13": {"execution_time": 0.3180093765258789, "passed": true}, "14": {"execution_time": 0.34278225898742676, "passed": false}, "15": {"execution_time": 0.2791867256164551, "passed": true}, "16": {"execution_time": 0.36045002937316895, "passed": true}, "17": {"execution_time": 0.5096917152404785, "passed": true}, "18": {"execution_time": 0.3492920398712158, "passed": false}, "19": {"execution_time": 0.38654470443725586, "passed": true}, "20": {"execution_time": 0.5989260673522949, "passed": false}, "21": {"execution_time": 0.24812054634094238, "passed": true}, "22": {"execution_time": 0.5506842136383057, "passed": true}, "23": {"execution_time": 0.5011951923370361, "passed": false}}}, "check_style_score": "0/1"}