{"version": "1", "message": "ERROR: Hidden Testcases server unreachable.", "problem_id": "ads2_m2_a1_1", "user_id": "khyathimsit", "score": {"sample": {"0": {"execution_time": 0.5410597324371338, "passed": true}, "1": {"execution_time": 0.41390061378479004, "passed": true}, "2": {"execution_time": 0.3013124465942383, "passed": true}, "3": {"execution_time": 0.38135623931884766, "passed": true}, "4": {"execution_time": 0.3537306785583496, "passed": true}, "5": {"execution_time": 0.4516127109527588, "passed": true}, "6": {"execution_time": 0.3625466823577881, "passed": true}, "7": {"execution_time": 0.2895660400390625, "passed": true}, "8": {"execution_time": 0.24404525756835938, "passed": true}, "9": {"execution_time": 0.307847261428833, "passed": false}, "10": {"execution_time": 0.20064592361450195, "passed": true}, "11": {"execution_time": 0.2957885265350342, "passed": false}, "12": {"execution_time": 0.36008501052856445, "passed": true}, "13": {"execution_time": 0.3572075366973877, "passed": true}, "14": {"execution_time": 0.4087703227996826, "passed": false}, "15": {"execution_time": 0.41494083404541016, "passed": true}, "16": {"execution_time": 0.4873514175415039, "passed": true}, "17": {"execution_time": 0.31923937797546387, "passed": true}, "18": {"execution_time": 0.4036836624145508, "passed": false}, "19": {"execution_time": 0.3265671730041504, "passed": true}, "20": {"execution_time": 0.37929868698120117, "passed": false}, "21": {"execution_time": 0.3728752136230469, "passed": true}, "22": {"execution_time": 0.4414541721343994, "passed": true}, "23": {"execution_time": 0.4908792972564697, "passed": false}}}, "check_style_score": "0/1"}