{"version": "1", "message": "ERROR: Hidden Testcases server unreachable.", "problem_id": "ads2_m2_a1_1", "user_id": "khyathimsit", "score": {"sample": {"0": {"execution_time": 0.4992809295654297, "passed": false}, "1": {"execution_time": 0.2541379928588867, "passed": false}, "2": {"execution_time": 0.36071228981018066, "passed": false}, "3": {"execution_time": 0.2998948097229004, "passed": true}, "4": {"execution_time": 0.27238965034484863, "passed": false}, "5": {"execution_time": 0.273815393447876, "passed": false}, "6": {"execution_time": 0.38143086433410645, "passed": false}, "7": {"execution_time": 0.32397937774658203, "passed": false}, "8": {"execution_time": 0.40019845962524414, "passed": false}, "9": {"execution_time": 0.22377991676330566, "passed": false}, "10": {"execution_time": 0.1550588607788086, "passed": false}, "11": {"execution_time": 0.3391139507293701, "passed": false}, "12": {"execution_time": 0.404787540435791, "passed": false}, "13": {"execution_time": 0.36537623405456543, "passed": false}, "14": {"execution_time": 0.34029722213745117, "passed": false}, "15": {"execution_time": 0.18179965019226074, "passed": false}, "16": {"execution_time": 0.3036534786224365, "passed": false}, "17": {"execution_time": 0.22112202644348145, "passed": false}, "18": {"execution_time": 0.3219790458679199, "passed": false}, "19": {"execution_time": 0.3809795379638672, "passed": false}, "20": {"execution_time": 0.37125396728515625, "passed": false}, "21": {"execution_time": 0.3885214328765869, "passed": false}, "22": {"execution_time": 0.3697390556335449, "passed": false}, "23": {"execution_time": 0.3558218479156494, "passed": false}}}, "check_style_score": "0/1"}