{"version": "1", "message": "ERROR: Hidden Testcases server unreachable.", "problem_id": "ads2_m2_a1_1", "user_id": "khyathimsit", "score": {"sample": {"0": {"execution_time": 0.2427968978881836, "passed": true}, "1": {"execution_time": 0.16453218460083008, "passed": true}, "2": {"execution_time": 0.3512153625488281, "passed": true}, "3": {"execution_time": 0.3106861114501953, "passed": true}, "4": {"execution_time": 0.4272165298461914, "passed": true}, "5": {"execution_time": 0.35633182525634766, "passed": true}, "6": {"execution_time": 0.38158440589904785, "passed": true}, "7": {"execution_time": 0.21205711364746094, "passed": true}, "8": {"execution_time": 0.3527047634124756, "passed": true}, "9": {"execution_time": 0.40693211555480957, "passed": true}, "10": {"execution_time": 0.28845715522766113, "passed": true}, "11": {"execution_time": 0.2770729064941406, "passed": true}, "12": {"execution_time": 0.21319007873535156, "passed": true}, "13": {"execution_time": 0.4042356014251709, "passed": true}, "14": {"execution_time": 0.36011481285095215, "passed": true}, "15": {"execution_time": 0.38869476318359375, "passed": true}, "16": {"execution_time": 0.26029491424560547, "passed": true}, "17": {"execution_time": 0.34900522232055664, "passed": true}, "18": {"execution_time": 0.4103713035583496, "passed": true}, "19": {"execution_time": 0.4045567512512207, "passed": true}, "20": {"execution_time": 0.36854076385498047, "passed": true}, "21": {"execution_time": 0.35797595977783203, "passed": true}, "22": {"execution_time": 0.40832948684692383, "passed": true}, "23": {"execution_time": 0.4866321086883545, "passed": true}}}, "check_style_score": "0/1"}