{"version": "1", "message": "ERROR: Hidden Testcases server unreachable.", "problem_id": "ads2_m2_a1_1", "user_id": "khyathimsit", "score": {"sample": {"0": {"execution_time": 0.19777584075927734, "passed": true}, "1": {"execution_time": 0.17272257804870605, "passed": true}, "2": {"execution_time": 0.17433881759643555, "passed": true}, "3": {"execution_time": 0.17304158210754395, "passed": true}, "4": {"execution_time": 0.22145938873291016, "passed": true}, "5": {"execution_time": 0.17302632331848145, "passed": true}, "6": {"execution_time": 0.19264554977416992, "passed": true}, "7": {"execution_time": 0.18952417373657227, "passed": true}, "8": {"execution_time": 0.22131705284118652, "passed": true}, "9": {"execution_time": 0.20436406135559082, "passed": true}, "10": {"execution_time": 0.173783540725708, "passed": true}, "11": {"execution_time": 0.25055718421936035, "passed": true}, "12": {"execution_time": 0.23562359809875488, "passed": true}, "13": {"execution_time": 0.19416499137878418, "passed": true}, "14": {"execution_time": 0.18946027755737305, "passed": true}, "15": {"execution_time": 0.21929287910461426, "passed": true}, "16": {"execution_time": 0.23984241485595703, "passed": true}, "17": {"execution_time": 0.23513031005859375, "passed": true}, "18": {"execution_time": 0.18960142135620117, "passed": true}, "19": {"execution_time": 0.23598766326904297, "passed": true}, "20": {"execution_time": 0.23575043678283691, "passed": true}, "21": {"execution_time": 0.14320683479309082, "passed": true}, "22": {"execution_time": 0.2616426944732666, "passed": true}, "23": {"execution_time": 0.3131680488586426, "passed": true}}}, "check_style_score": "0/1"}