{"version": "1", "message": "ERROR: Hidden Testcases server unreachable.", "problem_id": "ads2_m2_a1_1", "user_id": "khyathimsit", "score": {"sample": {"0": {"execution_time": 0.16377544403076172, "passed": true}, "1": {"execution_time": 0.21952271461486816, "passed": true}, "2": {"execution_time": 0.21993041038513184, "passed": true}, "3": {"execution_time": 0.14313483238220215, "passed": true}, "4": {"execution_time": 0.14609360694885254, "passed": true}, "5": {"execution_time": 0.20405936241149902, "passed": true}, "6": {"execution_time": 0.20526361465454102, "passed": true}, "7": {"execution_time": 0.2036457061767578, "passed": true}, "8": {"execution_time": 0.20558905601501465, "passed": true}, "9": {"execution_time": 0.18770241737365723, "passed": true}, "10": {"execution_time": 0.22463536262512207, "passed": true}, "11": {"execution_time": 0.18864130973815918, "passed": true}, "12": {"execution_time": 0.20096683502197266, "passed": true}, "13": {"execution_time": 0.2045292854309082, "passed": true}, "14": {"execution_time": 0.20502305030822754, "passed": true}, "15": {"execution_time": 0.24142217636108398, "passed": true}, "16": {"execution_time": 0.28216004371643066, "passed": true}, "17": {"execution_time": 0.25121378898620605, "passed": true}, "18": {"execution_time": 0.19023871421813965, "passed": true}, "19": {"execution_time": 0.2513868808746338, "passed": true}, "20": {"execution_time": 0.2587625980377197, "passed": true}, "21": {"execution_time": 0.20314955711364746, "passed": true}, "22": {"execution_time": 0.28247499465942383, "passed": true}, "23": {"execution_time": 0.2704048156738281, "passed": true}}}, "check_style_score": "0/1"}