{"version": "1", "message": "ERROR: Hidden Testcases server unreachable.", "problem_id": "ads2_m2_a1_1", "user_id": "khyathimsit", "score": {"sample": {"0": {"execution_time": 0.195479154586792, "passed": true}, "1": {"execution_time": 0.21545934677124023, "passed": true}, "2": {"execution_time": 0.29854702949523926, "passed": true}, "3": {"execution_time": 0.1420447826385498, "passed": true}, "4": {"execution_time": 0.20258450508117676, "passed": true}, "5": {"execution_time": 0.1377272605895996, "passed": true}, "6": {"execution_time": 0.23676013946533203, "passed": true}, "7": {"execution_time": 0.20831298828125, "passed": true}, "8": {"execution_time": 0.20848917961120605, "passed": true}, "9": {"execution_time": 0.2630035877227783, "passed": true}, "10": {"execution_time": 0.15059304237365723, "passed": true}, "11": {"execution_time": 0.18023157119750977, "passed": true}, "12": {"execution_time": 0.21435117721557617, "passed": true}, "13": {"execution_time": 0.19063019752502441, "passed": true}, "14": {"execution_time": 0.15556836128234863, "passed": true}, "15": {"execution_time": 0.21128201484680176, "passed": true}, "16": {"execution_time": 0.27169156074523926, "passed": true}, "17": {"execution_time": 0.193709135055542, "passed": true}, "18": {"execution_time": 0.1987771987915039, "passed": true}, "19": {"execution_time": 0.3177967071533203, "passed": true}, "20": {"execution_time": 0.20644783973693848, "passed": true}, "21": {"execution_time": 0.22496867179870605, "passed": true}, "22": {"execution_time": 0.29824328422546387, "passed": true}, "23": {"execution_time": 0.20851397514343262, "passed": true}}}, "check_style_score": "0/1"}