{"version": "1", "message": "ERROR: Hidden Testcases server unreachable.", "problem_id": "ads2_m2_a1_1", "user_id": "khyathimsit", "score": {"sample": {"0": {"execution_time": 0.4310145378112793, "passed": true}, "1": {"execution_time": 0.34946656227111816, "passed": true}, "2": {"execution_time": 0.387143611907959, "passed": true}, "3": {"execution_time": 0.3561379909515381, "passed": true}, "4": {"execution_time": 0.25200939178466797, "passed": true}, "5": {"execution_time": 0.3557889461517334, "passed": true}, "6": {"execution_time": 0.2892003059387207, "passed": true}, "7": {"execution_time": 0.327681303024292, "passed": true}, "8": {"execution_time": 0.28905582427978516, "passed": true}, "9": {"execution_time": 0.2532961368560791, "passed": false}, "10": {"execution_time": 0.39983296394348145, "passed": true}, "11": {"execution_time": 0.4001734256744385, "passed": false}, "12": {"execution_time": 0.24955153465270996, "passed": true}, "13": {"execution_time": 0.32405900955200195, "passed": true}, "14": {"execution_time": 0.3659031391143799, "passed": false}, "15": {"execution_time": 0.37021565437316895, "passed": true}, "16": {"execution_time": 0.384624719619751, "passed": true}, "17": {"execution_time": 0.4365975856781006, "passed": true}, "18": {"execution_time": 0.3307626247406006, "passed": false}, "19": {"execution_time": 0.4423344135284424, "passed": true}, "20": {"execution_time": 0.49401330947875977, "passed": false}, "21": {"execution_time": 0.3723609447479248, "passed": true}, "22": {"execution_time": 0.46053147315979004, "passed": true}, "23": {"execution_time": 0.38643741607666016, "passed": false}}}, "check_style_score": "0/1"}