{"version": "1", "message": "ERROR: Hidden Testcases server unreachable.", "problem_id": "ads2_m2_a1_1", "user_id": "khyathimsit", "score": {"sample": {"0": {"execution_time": 0.2683415412902832, "passed": true}, "1": {"execution_time": 0.20502185821533203, "passed": true}, "2": {"execution_time": 0.1439664363861084, "passed": true}, "3": {"execution_time": 0.18940019607543945, "passed": true}, "4": {"execution_time": 0.21683478355407715, "passed": true}, "5": {"execution_time": 0.2204132080078125, "passed": true}, "6": {"execution_time": 0.28264403343200684, "passed": true}, "7": {"execution_time": 0.22538018226623535, "passed": true}, "8": {"execution_time": 0.3627452850341797, "passed": true}, "9": {"execution_time": 0.25412440299987793, "passed": true}, "10": {"execution_time": 0.25809502601623535, "passed": true}, "11": {"execution_time": 0.1412980556488037, "passed": true}, "12": {"execution_time": 0.19225311279296875, "passed": true}, "13": {"execution_time": 0.2357780933380127, "passed": true}, "14": {"execution_time": 0.2614574432373047, "passed": true}, "15": {"execution_time": 0.2502412796020508, "passed": true}, "16": {"execution_time": 0.1547701358795166, "passed": true}, "17": {"execution_time": 0.41718268394470215, "passed": true}, "18": {"execution_time": 0.22838902473449707, "passed": true}, "19": {"execution_time": 0.22440218925476074, "passed": true}, "20": {"execution_time": 0.31128549575805664, "passed": true}, "21": {"execution_time": 0.20597124099731445, "passed": true}, "22": {"execution_time": 0.29181957244873047, "passed": true}, "23": {"execution_time": 0.2683272361755371, "passed": true}}}, "check_style_score": "0/1"}