{"version": "1", "message": "ERROR: Hidden Testcases server unreachable.", "problem_id": "ads2_m2_a1_1", "user_id": "khyathimsit", "score": {"sample": {"0": {"execution_time": 0.15394854545593262, "passed": true}, "1": {"execution_time": 0.2365427017211914, "passed": true}, "2": {"execution_time": 0.20364809036254883, "passed": true}, "3": {"execution_time": 0.15335297584533691, "passed": true}, "4": {"execution_time": 0.18991327285766602, "passed": true}, "5": {"execution_time": 0.151322603225708, "passed": true}, "6": {"execution_time": 0.2010955810546875, "passed": true}, "7": {"execution_time": 0.2042548656463623, "passed": true}, "8": {"execution_time": 0.22371149063110352, "passed": true}, "9": {"execution_time": 0.15865802764892578, "passed": true}, "10": {"execution_time": 0.19036412239074707, "passed": true}, "11": {"execution_time": 0.33498430252075195, "passed": true}, "12": {"execution_time": 0.26978564262390137, "passed": true}, "13": {"execution_time": 0.20030879974365234, "passed": true}, "14": {"execution_time": 0.1492919921875, "passed": true}, "15": {"execution_time": 0.2456986904144287, "passed": true}, "16": {"execution_time": 0.251293420791626, "passed": true}, "17": {"execution_time": 0.31011390686035156, "passed": true}, "18": {"execution_time": 0.1897881031036377, "passed": true}, "19": {"execution_time": 0.32016563415527344, "passed": true}, "20": {"execution_time": 0.23381900787353516, "passed": true}, "21": {"execution_time": 0.1597895622253418, "passed": true}, "22": {"execution_time": 0.3303639888763428, "passed": true}, "23": {"execution_time": 0.2472999095916748, "passed": true}}}, "check_style_score": "1/1"}