{"version": "1", "message": "ERROR: Hidden Testcases server unreachable.", "problem_id": "ads2_m16_a1_1", "user_id": "khyathimsit", "score": {"sample": {"0": {"execution_time": 2.4114527702331543, "passed": true}, "1": {"execution_time": 2.358081817626953, "passed": true}, "2": {"execution_time": 2.5709540843963623, "passed": true}, "3": {"execution_time": 2.680018901824951, "passed": true}, "4": {"execution_time": 2.7944483757019043, "passed": true}, "5": {"execution_time": 2.740086078643799, "passed": true}, "6": {"execution_time": 2.4834792613983154, "passed": true}, "7": {"execution_time": 2.5158793926239014, "passed": true}, "8": {"execution_time": 2.592043399810791, "passed": true}, "9": {"execution_time": 0.7462966442108154, "passed": true}, "10": {"execution_time": 0.6870908737182617, "passed": true}, "11": {"execution_time": 2.882336139678955, "passed": true}, "12": {"execution_time": 2.870986223220825, "passed": true}, "13": {"execution_time": 2.189992666244507, "passed": true}, "14": {"execution_time": 0.7205431461334229, "passed": true}, "15": {"execution_time": 10.106711149215698, "passed": false}, "16": {"execution_time": 1.9213917255401611, "passed": true}, "17": {"execution_time": 2.546894073486328, "passed": true}, "18": {"execution_time": 2.561548948287964, "passed": true}, "19": {"execution_time": 10.089693784713745, "passed": false}, "20": {"execution_time": 10.101198434829712, "passed": false}, "21": {"execution_time": 0.5419902801513672, "passed": true}, "22": {"execution_time": 0.5603504180908203, "passed": true}, "23": {"execution_time": 10.111452579498291, "passed": false}, "24": {"execution_time": 1.943955898284912, "passed": true}, "25": {"execution_time": 10.064966440200806, "passed": false}, "26": {"execution_time": 10.082037448883057, "passed": false}, "27": {"execution_time": 10.094999074935913, "passed": false}, "28": {"execution_time": 10.095779657363892, "passed": false}, "29": {"execution_time": 0.6002101898193359, "passed": true}}}, "check_style_score": "1/1"}