{"version": "1", "message": "ERROR: Hidden Testcases server unreachable.", "problem_id": "ads2_m16_a1_1", "user_id": "khyathimsit", "score": {"sample": {"0": {"execution_time": 0.37012672424316406, "passed": true}, "1": {"execution_time": 0.44002199172973633, "passed": true}, "2": {"execution_time": 0.969301700592041, "passed": true}, "3": {"execution_time": 0.913538932800293, "passed": true}, "4": {"execution_time": 0.9214386940002441, "passed": true}, "5": {"execution_time": 1.0099411010742188, "passed": true}, "6": {"execution_time": 0.9791200160980225, "passed": true}, "7": {"execution_time": 0.9890961647033691, "passed": true}, "8": {"execution_time": 0.3971576690673828, "passed": true}, "9": {"execution_time": 0.9454636573791504, "passed": true}, "10": {"execution_time": 0.9703712463378906, "passed": true}, "11": {"execution_time": 3.510453701019287, "passed": true}, "12": {"execution_time": 0.9996089935302734, "passed": true}, "13": {"execution_time": 0.27626872062683105, "passed": true}, "14": {"execution_time": 0.9790370464324951, "passed": true}, "15": {"execution_time": 0.9447431564331055, "passed": true}, "16": {"execution_time": 0.3967907428741455, "passed": true}, "17": {"execution_time": 0.3671743869781494, "passed": true}, "18": {"execution_time": 0.42583703994750977, "passed": true}, "19": {"execution_time": 0.34998583793640137, "passed": true}, "20": {"execution_time": 0.32449769973754883, "passed": true}, "21": {"execution_time": 0.336108922958374, "passed": true}, "22": {"execution_time": 0.4202868938446045, "passed": true}, "23": {"execution_time": 0.3867497444152832, "passed": true}, "24": {"execution_time": 0.24979925155639648, "passed": true}, "25": {"execution_time": 0.9677009582519531, "passed": true}, "26": {"execution_time": 0.8505308628082275, "passed": true}, "27": {"execution_time": 1.2262237071990967, "passed": true}, "28": {"execution_time": 1.7542409896850586, "passed": true}, "29": {"execution_time": 0.2761499881744385, "passed": true}}}, "check_style_score": "1/1"}