{"version": "1", "message": "ERROR: Hidden Testcases server unreachable.", "problem_id": "ads2_m16_a1_1", "user_id": "khyathimsit", "score": {"sample": {"0": {"execution_time": 0.6781208515167236, "passed": true}, "1": {"execution_time": 0.5313026905059814, "passed": true}, "2": {"execution_time": 1.4707071781158447, "passed": true}, "3": {"execution_time": 1.2872123718261719, "passed": true}, "4": {"execution_time": 1.0214295387268066, "passed": true}, "5": {"execution_time": 1.2535879611968994, "passed": true}, "6": {"execution_time": 1.278933048248291, "passed": true}, "7": {"execution_time": 1.1614959239959717, "passed": true}, "8": {"execution_time": 0.7029633522033691, "passed": true}, "9": {"execution_time": 1.3506793975830078, "passed": true}, "10": {"execution_time": 1.2340471744537354, "passed": true}, "11": {"execution_time": 3.789583206176758, "passed": true}, "12": {"execution_time": 1.3398351669311523, "passed": true}, "13": {"execution_time": 0.5244290828704834, "passed": true}, "14": {"execution_time": 1.2305665016174316, "passed": true}, "15": {"execution_time": 1.0784332752227783, "passed": true}, "16": {"execution_time": 0.6064133644104004, "passed": true}, "17": {"execution_time": 0.5542099475860596, "passed": true}, "18": {"execution_time": 0.6065688133239746, "passed": true}, "19": {"execution_time": 0.6701431274414062, "passed": true}, "20": {"execution_time": 0.6599745750427246, "passed": true}, "21": {"execution_time": 0.7007486820220947, "passed": true}, "22": {"execution_time": 0.6667873859405518, "passed": true}, "23": {"execution_time": 0.531334400177002, "passed": true}, "24": {"execution_time": 0.6355841159820557, "passed": true}, "25": {"execution_time": 1.3995468616485596, "passed": true}, "26": {"execution_time": 1.010237693786621, "passed": true}, "27": {"execution_time": 1.2723324298858643, "passed": true}, "28": {"execution_time": 1.9134645462036133, "passed": true}, "29": {"execution_time": 0.6323022842407227, "passed": true}}}, "check_style_score": "0/1"}