{"version": "1", "message": "ERROR: Hidden Testcases server unreachable.", "problem_id": "ads2_m16_a1_1", "user_id": "khyathimsit", "score": {"sample": {"0": {"execution_time": 0.6085584163665771, "passed": true}, "1": {"execution_time": 0.5438022613525391, "passed": true}, "2": {"execution_time": 1.548370122909546, "passed": true}, "3": {"execution_time": 1.1603641510009766, "passed": true}, "4": {"execution_time": 1.3969545364379883, "passed": true}, "5": {"execution_time": 1.284189224243164, "passed": true}, "6": {"execution_time": 1.2105252742767334, "passed": true}, "7": {"execution_time": 1.2954318523406982, "passed": true}, "8": {"execution_time": 0.46729254722595215, "passed": true}, "9": {"execution_time": 1.1133201122283936, "passed": true}, "10": {"execution_time": 1.126988410949707, "passed": true}, "11": {"execution_time": 3.7081427574157715, "passed": true}, "12": {"execution_time": 1.137657880783081, "passed": true}, "13": {"execution_time": 0.5315690040588379, "passed": true}, "14": {"execution_time": 1.3876616954803467, "passed": true}, "15": {"execution_time": 1.128610372543335, "passed": true}, "16": {"execution_time": 0.6340687274932861, "passed": true}, "17": {"execution_time": 0.403597354888916, "passed": true}, "18": {"execution_time": 0.4854755401611328, "passed": true}, "19": {"execution_time": 0.6789536476135254, "passed": true}, "20": {"execution_time": 0.6694176197052002, "passed": true}, "21": {"execution_time": 0.5742490291595459, "passed": true}, "22": {"execution_time": 0.5418756008148193, "passed": true}, "23": {"execution_time": 0.6512339115142822, "passed": true}, "24": {"execution_time": 0.580700159072876, "passed": true}, "25": {"execution_time": 1.319596529006958, "passed": true}, "26": {"execution_time": 1.1988441944122314, "passed": true}, "27": {"execution_time": 1.5527684688568115, "passed": true}, "28": {"execution_time": 1.7382838726043701, "passed": true}, "29": {"execution_time": 0.32257699966430664, "passed": true}}}, "check_style_score": "0/1"}