{"version": "1", "message": "ERROR: Hidden Testcases server unreachable.", "problem_id": "ads2_m16_a1_1", "user_id": "khyathimsit", "score": {"sample": {"0": {"execution_time": 0.22617030143737793, "passed": true}, "1": {"execution_time": 0.31784629821777344, "passed": true}, "2": {"execution_time": 0.8823022842407227, "passed": true}, "3": {"execution_time": 0.9200232028961182, "passed": true}, "4": {"execution_time": 0.9330282211303711, "passed": true}, "5": {"execution_time": 1.1577167510986328, "passed": true}, "6": {"execution_time": 0.9528522491455078, "passed": true}, "7": {"execution_time": 0.8866052627563477, "passed": true}, "8": {"execution_time": 0.4716789722442627, "passed": true}, "9": {"execution_time": 0.9295735359191895, "passed": true}, "10": {"execution_time": 0.9598331451416016, "passed": true}, "11": {"execution_time": 3.613264560699463, "passed": true}, "12": {"execution_time": 0.9433610439300537, "passed": true}, "13": {"execution_time": 0.2801051139831543, "passed": true}, "14": {"execution_time": 0.9638910293579102, "passed": true}, "15": {"execution_time": 0.9565291404724121, "passed": true}, "16": {"execution_time": 0.3597140312194824, "passed": true}, "17": {"execution_time": 0.40633225440979004, "passed": true}, "18": {"execution_time": 0.4470062255859375, "passed": true}, "19": {"execution_time": 0.2903573513031006, "passed": true}, "20": {"execution_time": 0.41936588287353516, "passed": true}, "21": {"execution_time": 0.33846473693847656, "passed": true}, "22": {"execution_time": 0.38524794578552246, "passed": true}, "23": {"execution_time": 0.2960832118988037, "passed": true}, "24": {"execution_time": 0.2731287479400635, "passed": true}, "25": {"execution_time": 0.9930977821350098, "passed": true}, "26": {"execution_time": 0.9254684448242188, "passed": true}, "27": {"execution_time": 1.0080368518829346, "passed": true}, "28": {"execution_time": 1.5268847942352295, "passed": true}, "29": {"execution_time": 0.39220595359802246, "passed": true}}}, "check_style_score": "1/1"}