{"version": "1", "message": "ERROR: Hidden Testcases server unreachable.", "problem_id": "ads2_m16_a1_1", "user_id": "khyathimsit", "score": {"sample": {"0": {"execution_time": 0.49976563453674316, "passed": false}, "1": {"execution_time": 0.566340446472168, "passed": false}, "2": {"execution_time": 0.5563209056854248, "passed": false}, "3": {"execution_time": 0.3370087146759033, "passed": false}, "4": {"execution_time": 0.46952199935913086, "passed": false}, "5": {"execution_time": 0.2852146625518799, "passed": false}, "6": {"execution_time": 0.5049431324005127, "passed": false}, "7": {"execution_time": 0.4577145576477051, "passed": false}, "8": {"execution_time": 0.478085994720459, "passed": false}, "9": {"execution_time": 0.34969186782836914, "passed": false}, "10": {"execution_time": 0.5024993419647217, "passed": false}, "11": {"execution_time": 0.47408270835876465, "passed": false}, "12": {"execution_time": 0.5838415622711182, "passed": false}, "13": {"execution_time": 0.4882543087005615, "passed": false}, "14": {"execution_time": 0.5470209121704102, "passed": false}, "15": {"execution_time": 0.3861408233642578, "passed": false}, "16": {"execution_time": 0.5136733055114746, "passed": false}, "17": {"execution_time": 0.5120353698730469, "passed": false}, "18": {"execution_time": 0.5854208469390869, "passed": false}, "19": {"execution_time": 0.42519164085388184, "passed": false}, "20": {"execution_time": 0.3780190944671631, "passed": false}, "21": {"execution_time": 0.5079159736633301, "passed": false}, "22": {"execution_time": 0.45892858505249023, "passed": false}, "23": {"execution_time": 0.38272714614868164, "passed": false}, "24": {"execution_time": 0.3126804828643799, "passed": false}, "25": {"execution_time": 0.34113454818725586, "passed": false}, "26": {"execution_time": 0.26659154891967773, "passed": false}, "27": {"execution_time": 0.4485628604888916, "passed": false}, "28": {"execution_time": 0.37518882751464844, "passed": false}, "29": {"execution_time": 0.44098830223083496, "passed": true}}}, "check_style_score": "0/1"}