{"version": "1", "message": "ERROR: Hidden Testcases server unreachable.", "problem_id": "ads2_m16_a1_1", "user_id": "khyathimsit", "score": {"sample": {"0": {"execution_time": 0.5132205486297607, "passed": true}, "1": {"execution_time": 0.4792320728302002, "passed": true}, "2": {"execution_time": 1.365128517150879, "passed": true}, "3": {"execution_time": 1.556178331375122, "passed": true}, "4": {"execution_time": 1.2222747802734375, "passed": true}, "5": {"execution_time": 1.3764734268188477, "passed": true}, "6": {"execution_time": 1.6892285346984863, "passed": true}, "7": {"execution_time": 1.4407315254211426, "passed": true}, "8": {"execution_time": 0.6417839527130127, "passed": true}, "9": {"execution_time": 1.5890872478485107, "passed": true}, "10": {"execution_time": 1.5194480419158936, "passed": true}, "11": {"execution_time": 7.5790324211120605, "passed": true}, "12": {"execution_time": 1.6057522296905518, "passed": true}, "13": {"execution_time": 0.5209388732910156, "passed": true}, "14": {"execution_time": 1.7125132083892822, "passed": true}, "15": {"execution_time": 1.6575682163238525, "passed": true}, "16": {"execution_time": 0.6254067420959473, "passed": true}, "17": {"execution_time": 0.7018227577209473, "passed": true}, "18": {"execution_time": 0.611177921295166, "passed": true}, "19": {"execution_time": 0.4250969886779785, "passed": true}, "20": {"execution_time": 0.3563833236694336, "passed": true}, "21": {"execution_time": 0.5880582332611084, "passed": true}, "22": {"execution_time": 0.5977003574371338, "passed": true}, "23": {"execution_time": 0.6803600788116455, "passed": true}, "24": {"execution_time": 0.4820077419281006, "passed": true}, "25": {"execution_time": 1.8296709060668945, "passed": true}, "26": {"execution_time": 1.4689762592315674, "passed": true}, "27": {"execution_time": 1.7044587135314941, "passed": true}, "28": {"execution_time": 2.7805325984954834, "passed": true}, "29": {"execution_time": 0.4074721336364746, "passed": true}}}, "check_style_score": "1/1"}