{"version": "1", "message": "ERROR: Hidden Testcases server unreachable.", "problem_id": "ads2_m16_a1_1", "user_id": "khyathimsit", "score": {"sample": {"0": {"execution_time": 0.5444760322570801, "passed": true}, "1": {"execution_time": 0.5542223453521729, "passed": true}, "2": {"execution_time": 1.546557903289795, "passed": true}, "3": {"execution_time": 1.3549532890319824, "passed": true}, "4": {"execution_time": 1.6556634902954102, "passed": true}, "5": {"execution_time": 1.7145822048187256, "passed": true}, "6": {"execution_time": 2.123961925506592, "passed": true}, "7": {"execution_time": 1.6018469333648682, "passed": true}, "8": {"execution_time": 0.6617653369903564, "passed": true}, "9": {"execution_time": 1.6880571842193604, "passed": true}, "10": {"execution_time": 1.6501719951629639, "passed": true}, "11": {"execution_time": 7.543785572052002, "passed": true}, "12": {"execution_time": 1.7030048370361328, "passed": true}, "13": {"execution_time": 0.5457174777984619, "passed": true}, "14": {"execution_time": 1.625020980834961, "passed": true}, "15": {"execution_time": 1.744180679321289, "passed": true}, "16": {"execution_time": 0.4724385738372803, "passed": true}, "17": {"execution_time": 0.5872592926025391, "passed": true}, "18": {"execution_time": 0.5455727577209473, "passed": true}, "19": {"execution_time": 0.6671195030212402, "passed": true}, "20": {"execution_time": 0.67791748046875, "passed": true}, "21": {"execution_time": 0.5640602111816406, "passed": true}, "22": {"execution_time": 0.6134562492370605, "passed": true}, "23": {"execution_time": 0.6147513389587402, "passed": true}, "24": {"execution_time": 0.4592630863189697, "passed": true}, "25": {"execution_time": 1.5669641494750977, "passed": true}, "26": {"execution_time": 1.4926714897155762, "passed": true}, "27": {"execution_time": 2.0997276306152344, "passed": true}, "28": {"execution_time": 1.7951717376708984, "passed": true}, "29": {"execution_time": 0.38685154914855957, "passed": true}}}, "check_style_score": "0/1"}