{"version": "1", "message": "ERROR: Hidden Testcases server unreachable.", "problem_id": "ads2_m16_a1_1", "user_id": "khyathimsit", "score": {"sample": {"0": {"execution_time": 0.6383633613586426, "passed": true}, "1": {"execution_time": 0.48163795471191406, "passed": true}, "2": {"execution_time": 1.170365571975708, "passed": true}, "3": {"execution_time": 1.2266712188720703, "passed": true}, "4": {"execution_time": 1.353123426437378, "passed": true}, "5": {"execution_time": 1.389737606048584, "passed": true}, "6": {"execution_time": 1.0466203689575195, "passed": true}, "7": {"execution_time": 1.4203131198883057, "passed": true}, "8": {"execution_time": 0.5927724838256836, "passed": true}, "9": {"execution_time": 1.360931396484375, "passed": true}, "10": {"execution_time": 1.0552384853363037, "passed": true}, "11": {"execution_time": 3.628310441970825, "passed": true}, "12": {"execution_time": 1.3977198600769043, "passed": true}, "13": {"execution_time": 0.33184027671813965, "passed": true}, "14": {"execution_time": 1.2894937992095947, "passed": true}, "15": {"execution_time": 1.21632719039917, "passed": true}, "16": {"execution_time": 0.47371387481689453, "passed": true}, "17": {"execution_time": 0.6162011623382568, "passed": true}, "18": {"execution_time": 0.626366138458252, "passed": true}, "19": {"execution_time": 0.5773727893829346, "passed": true}, "20": {"execution_time": 0.6939718723297119, "passed": true}, "21": {"execution_time": 0.6815211772918701, "passed": true}, "22": {"execution_time": 0.45646023750305176, "passed": true}, "23": {"execution_time": 0.5284843444824219, "passed": true}, "24": {"execution_time": 0.5882878303527832, "passed": true}, "25": {"execution_time": 1.2690460681915283, "passed": true}, "26": {"execution_time": 1.1160495281219482, "passed": true}, "27": {"execution_time": 1.3297836780548096, "passed": true}, "28": {"execution_time": 1.8175241947174072, "passed": true}, "29": {"execution_time": 0.5102386474609375, "passed": true}}}, "check_style_score": "0/1"}