{"version": "1", "message": "ERROR: Hidden Testcases server unreachable.", "problem_id": "ads2_m16_a1_1", "user_id": "khyathimsit", "score": {"sample": {"0": {"execution_time": 0.3832988739013672, "passed": true}, "1": {"execution_time": 0.29352784156799316, "passed": true}, "2": {"execution_time": 0.8365089893341064, "passed": true}, "3": {"execution_time": 1.174009084701538, "passed": true}, "4": {"execution_time": 0.9177172183990479, "passed": true}, "5": {"execution_time": 0.9518864154815674, "passed": true}, "6": {"execution_time": 0.8842811584472656, "passed": true}, "7": {"execution_time": 0.8698995113372803, "passed": true}, "8": {"execution_time": 0.4857199192047119, "passed": true}, "9": {"execution_time": 0.8505468368530273, "passed": true}, "10": {"execution_time": 1.236513376235962, "passed": true}, "11": {"execution_time": 4.334628582000732, "passed": true}, "12": {"execution_time": 0.955172061920166, "passed": true}, "13": {"execution_time": 0.3100430965423584, "passed": true}, "14": {"execution_time": 0.9615523815155029, "passed": true}, "15": {"execution_time": 0.9606444835662842, "passed": true}, "16": {"execution_time": 0.31949830055236816, "passed": true}, "17": {"execution_time": 0.33675551414489746, "passed": true}, "18": {"execution_time": 0.3535428047180176, "passed": true}, "19": {"execution_time": 0.3952057361602783, "passed": true}, "20": {"execution_time": 0.3092176914215088, "passed": true}, "21": {"execution_time": 0.3615255355834961, "passed": true}, "22": {"execution_time": 0.28693294525146484, "passed": true}, "23": {"execution_time": 0.5326399803161621, "passed": true}, "24": {"execution_time": 0.29056644439697266, "passed": true}, "25": {"execution_time": 1.3471558094024658, "passed": true}, "26": {"execution_time": 0.8653016090393066, "passed": true}, "27": {"execution_time": 1.5995731353759766, "passed": true}, "28": {"execution_time": 2.198887586593628, "passed": true}, "29": {"execution_time": 0.2541213035583496, "passed": true}}}, "check_style_score": "1/1"}