{"version": "1", "message": "ERROR: Hidden Testcases server unreachable.", "problem_id": "ads2_m6_a1_1", "user_id": "khyathimsit", "score": {"sample": {"0": {"execution_time": 0.3953845500946045, "passed": false}, "1": {"execution_time": 0.34026145935058594, "passed": false}, "2": {"execution_time": 0.47174763679504395, "passed": false}, "3": {"execution_time": 0.4315364360809326, "passed": false}, "4": {"execution_time": 0.45357704162597656, "passed": false}, "5": {"execution_time": 0.48312878608703613, "passed": true}, "6": {"execution_time": 0.5238091945648193, "passed": true}, "7": {"execution_time": 0.33937811851501465, "passed": false}, "8": {"execution_time": 0.4759864807128906, "passed": true}, "9": {"execution_time": 0.43242406845092773, "passed": false}, "10": {"execution_time": 0.3823368549346924, "passed": true}, "11": {"execution_time": 0.4238147735595703, "passed": false}}}, "check_style_score": "1/1"}