{"version": "1", "message": "ERROR: Hidden Testcases server unreachable.", "problem_id": "ads2_m6_a1_1", "user_id": "khyathimsit", "score": {"sample": {"0": {"execution_time": 0.2738516330718994, "passed": false}, "1": {"execution_time": 0.3448917865753174, "passed": false}, "2": {"execution_time": 0.33168935775756836, "passed": false}, "3": {"execution_time": 0.37845325469970703, "passed": false}, "4": {"execution_time": 0.28872013092041016, "passed": false}, "5": {"execution_time": 0.30333495140075684, "passed": false}, "6": {"execution_time": 0.2567939758300781, "passed": false}, "7": {"execution_time": 0.3697783946990967, "passed": false}, "8": {"execution_time": 0.3770127296447754, "passed": false}, "9": {"execution_time": 0.42839765548706055, "passed": false}, "10": {"execution_time": 0.44408702850341797, "passed": false}, "11": {"execution_time": 0.39133739471435547, "passed": false}}}, "check_style_score": "1/1"}