{"version": "1", "message": "ERROR: Hidden Testcases server unreachable.", "problem_id": "ads2_m6_a1_1", "user_id": "khyathimsit", "score": {"sample": {"0": {"execution_time": 0.3011970520019531, "passed": false}, "1": {"execution_time": 0.3671121597290039, "passed": false}, "2": {"execution_time": 0.3561873435974121, "passed": false}, "3": {"execution_time": 0.40084075927734375, "passed": false}, "4": {"execution_time": 0.4517250061035156, "passed": false}, "5": {"execution_time": 0.4180028438568115, "passed": false}, "6": {"execution_time": 0.3785080909729004, "passed": false}, "7": {"execution_time": 0.40506649017333984, "passed": false}, "8": {"execution_time": 0.3280160427093506, "passed": false}, "9": {"execution_time": 0.3800835609436035, "passed": false}, "10": {"execution_time": 0.3185405731201172, "passed": false}, "11": {"execution_time": 0.38841891288757324, "passed": false}}}, "check_style_score": "1/1"}