{"version": "1", "message": "ERROR: Hidden Testcases server unreachable.", "problem_id": "ads2_m6_a1_1", "user_id": "khyathimsit", "score": {"sample": {"0": {"execution_time": 0.3420872688293457, "passed": false}, "1": {"execution_time": 0.5062210559844971, "passed": false}, "2": {"execution_time": 0.35779356956481934, "passed": false}, "3": {"execution_time": 0.4250953197479248, "passed": false}, "4": {"execution_time": 0.3698856830596924, "passed": false}, "5": {"execution_time": 0.3760108947753906, "passed": false}, "6": {"execution_time": 0.36186671257019043, "passed": false}, "7": {"execution_time": 0.5536844730377197, "passed": false}, "8": {"execution_time": 0.47996068000793457, "passed": false}, "9": {"execution_time": 0.4862945079803467, "passed": false}, "10": {"execution_time": 0.4256904125213623, "passed": false}, "11": {"execution_time": 0.4456052780151367, "passed": false}}}, "check_style_score": "1/1"}