{"version": "1", "message": "ERROR: Hidden Testcases server unreachable.", "problem_id": "ads2_m6_a1_1", "user_id": "khyathimsit", "score": {"sample": {"0": {"execution_time": 0.19379758834838867, "passed": false}, "1": {"execution_time": 0.19524526596069336, "passed": false}, "2": {"execution_time": 0.20444679260253906, "passed": false}, "3": {"execution_time": 0.19895243644714355, "passed": false}, "4": {"execution_time": 0.2168562412261963, "passed": false}, "5": {"execution_time": 0.20411038398742676, "passed": false}, "6": {"execution_time": 0.22019219398498535, "passed": false}, "7": {"execution_time": 0.21935296058654785, "passed": false}, "8": {"execution_time": 0.1877458095550537, "passed": false}, "9": {"execution_time": 0.2012641429901123, "passed": false}, "10": {"execution_time": 0.2196516990661621, "passed": false}, "11": {"execution_time": 0.19948768615722656, "passed": false}}}, "check_style_score": "0/1"}