{"version": "1", "message": "ERROR: Hidden Testcases server unreachable.", "problem_id": "ads2_m6_a1_1", "user_id": "khyathimsit", "score": {"sample": {"0": {"execution_time": 0.34331464767456055, "passed": false}, "1": {"execution_time": 0.23330140113830566, "passed": false}, "2": {"execution_time": 0.2628459930419922, "passed": false}, "3": {"execution_time": 0.47553467750549316, "passed": false}, "4": {"execution_time": 0.31326961517333984, "passed": false}, "5": {"execution_time": 0.47751784324645996, "passed": false}, "6": {"execution_time": 0.45722508430480957, "passed": false}, "7": {"execution_time": 0.4303090572357178, "passed": false}, "8": {"execution_time": 0.36580634117126465, "passed": false}, "9": {"execution_time": 0.4263002872467041, "passed": false}, "10": {"execution_time": 0.42560672760009766, "passed": false}, "11": {"execution_time": 0.4703242778778076, "passed": false}}}, "check_style_score": "0/1"}