{"version": "1", "message": "ERROR: Hidden Testcases server unreachable.", "problem_id": "ads2_m6_a1_1", "user_id": "khyathimsit", "score": {"sample": {"0": {"execution_time": 0.44006848335266113, "passed": false}, "1": {"execution_time": 0.4375646114349365, "passed": false}, "2": {"execution_time": 0.4075961112976074, "passed": false}, "3": {"execution_time": 0.5706431865692139, "passed": false}, "4": {"execution_time": 0.35149455070495605, "passed": false}, "5": {"execution_time": 0.36351990699768066, "passed": false}, "6": {"execution_time": 0.5004963874816895, "passed": false}, "7": {"execution_time": 0.302579402923584, "passed": false}, "8": {"execution_time": 0.4831550121307373, "passed": false}, "9": {"execution_time": 0.6091251373291016, "passed": false}, "10": {"execution_time": 0.5147607326507568, "passed": false}, "11": {"execution_time": 0.42642641067504883, "passed": false}}}, "check_style_score": "1/1"}