{"version": "1", "message": "ERROR: Hidden Testcases server unreachable.", "problem_id": "ads2_m6_a1_1", "user_id": "khyathimsit", "score": {"sample": {"0": {"execution_time": 0.2117290496826172, "passed": false}, "1": {"execution_time": 0.21953034400939941, "passed": false}, "2": {"execution_time": 0.2013258934020996, "passed": false}, "3": {"execution_time": 0.20548152923583984, "passed": false}, "4": {"execution_time": 0.2365250587463379, "passed": false}, "5": {"execution_time": 0.2007124423980713, "passed": false}, "6": {"execution_time": 0.18028926849365234, "passed": false}, "7": {"execution_time": 0.24932122230529785, "passed": false}, "8": {"execution_time": 0.19070744514465332, "passed": false}, "9": {"execution_time": 0.20173096656799316, "passed": false}, "10": {"execution_time": 0.20180201530456543, "passed": false}, "11": {"execution_time": 0.23648858070373535, "passed": false}}}, "check_style_score": "0/1"}