{"version": "1", "message": "ERROR: Hidden Testcases server unreachable.", "problem_id": "ads2_m6_a1_1", "user_id": "khyathimsit", "score": {"sample": {"0": {"execution_time": 0.4565434455871582, "passed": false}, "1": {"execution_time": 0.4235234260559082, "passed": false}, "2": {"execution_time": 0.5614907741546631, "passed": false}, "3": {"execution_time": 0.36487388610839844, "passed": false}, "4": {"execution_time": 0.427426815032959, "passed": false}, "5": {"execution_time": 0.40462732315063477, "passed": false}, "6": {"execution_time": 0.4384765625, "passed": false}, "7": {"execution_time": 0.3379478454589844, "passed": false}, "8": {"execution_time": 0.5107326507568359, "passed": false}, "9": {"execution_time": 0.5671689510345459, "passed": false}, "10": {"execution_time": 0.48394346237182617, "passed": false}, "11": {"execution_time": 0.46810412406921387, "passed": false}}}, "check_style_score": "1/1"}