{"version": "1", "message": "ERROR: Hidden Testcases server unreachable.", "problem_id": "ads2_m6_a1_1", "user_id": "khyathimsit", "score": {"sample": {"0": {"execution_time": 0.2467961311340332, "passed": false}, "1": {"execution_time": 0.20251798629760742, "passed": false}, "2": {"execution_time": 0.1914536952972412, "passed": false}, "3": {"execution_time": 0.19494295120239258, "passed": false}, "4": {"execution_time": 0.19280505180358887, "passed": false}, "5": {"execution_time": 0.20883893966674805, "passed": false}, "6": {"execution_time": 0.26994752883911133, "passed": false}, "7": {"execution_time": 0.21160435676574707, "passed": false}, "8": {"execution_time": 0.2941315174102783, "passed": false}, "9": {"execution_time": 0.20151472091674805, "passed": false}, "10": {"execution_time": 0.23966169357299805, "passed": false}, "11": {"execution_time": 0.2074429988861084, "passed": false}}}, "check_style_score": "0/1"}