{"version": "1", "message": "ERROR: Hidden Testcases server unreachable.", "problem_id": "ads2_m6_a1_1", "user_id": "khyathimsit", "score": {"sample": {"0": {"execution_time": 0.21139311790466309, "passed": false}, "1": {"execution_time": 0.24086976051330566, "passed": false}, "2": {"execution_time": 0.2106614112854004, "passed": false}, "3": {"execution_time": 0.19498085975646973, "passed": false}, "4": {"execution_time": 0.20852375030517578, "passed": false}, "5": {"execution_time": 0.1994636058807373, "passed": false}, "6": {"execution_time": 0.21051406860351562, "passed": false}, "7": {"execution_time": 0.20932793617248535, "passed": false}, "8": {"execution_time": 0.20908093452453613, "passed": false}, "9": {"execution_time": 0.19098401069641113, "passed": false}, "10": {"execution_time": 0.22341585159301758, "passed": false}, "11": {"execution_time": 0.20624399185180664, "passed": false}}}, "check_style_score": "0/1"}