{"version": "1", "message": "ERROR: Hidden Testcases server unreachable.", "problem_id": "ads2_m6_a1_1", "user_id": "khyathimsit", "score": {"sample": {"0": {"execution_time": 0.4290938377380371, "passed": false}, "1": {"execution_time": 0.43288731575012207, "passed": false}, "2": {"execution_time": 0.2594420909881592, "passed": false}, "3": {"execution_time": 0.2850308418273926, "passed": false}, "4": {"execution_time": 0.32900094985961914, "passed": false}, "5": {"execution_time": 0.3287382125854492, "passed": false}, "6": {"execution_time": 0.37677907943725586, "passed": false}, "7": {"execution_time": 0.2559645175933838, "passed": false}, "8": {"execution_time": 0.38524937629699707, "passed": false}, "9": {"execution_time": 0.26859402656555176, "passed": false}, "10": {"execution_time": 0.3435666561126709, "passed": false}, "11": {"execution_time": 0.41909003257751465, "passed": false}}}, "check_style_score": "1/1"}