{"version": "1", "message": "ERROR: Hidden Testcases server unreachable.", "problem_id": "ads2_m4_a1_1", "user_id": "khyathimsit", "score": {"sample": {"0": {"execution_time": 0.314044713973999, "passed": true}, "1": {"execution_time": 0.2346198558807373, "passed": true}, "2": {"execution_time": 0.23337960243225098, "passed": true}, "3": {"execution_time": 0.29396867752075195, "passed": true}, "4": {"execution_time": 0.21598505973815918, "passed": true}, "5": {"execution_time": 0.20430326461791992, "passed": true}, "6": {"execution_time": 0.28615689277648926, "passed": true}, "7": {"execution_time": 0.22143864631652832, "passed": true}, "8": {"execution_time": 0.24236297607421875, "passed": true}, "9": {"execution_time": 0.19768714904785156, "passed": true}, "10": {"execution_time": 0.2198038101196289, "passed": true}, "11": {"execution_time": 0.20962262153625488, "passed": true}, "12": {"execution_time": 0.19436240196228027, "passed": true}, "13": {"execution_time": 0.7889409065246582, "passed": true}, "14": {"execution_time": 0.21673893928527832, "passed": true}}}, "check_style_score": "0/1"}