{"version": "1", "message": "ERROR: Hidden Testcases server unreachable.", "problem_id": "ads2_m4_a1_1", "user_id": "khyathimsit", "score": {"sample": {"0": {"execution_time": 0.33193397521972656, "passed": true}, "1": {"execution_time": 0.40744662284851074, "passed": true}, "2": {"execution_time": 0.5787372589111328, "passed": true}, "3": {"execution_time": 0.3788340091705322, "passed": true}, "4": {"execution_time": 0.49910998344421387, "passed": true}, "5": {"execution_time": 0.4553852081298828, "passed": true}, "6": {"execution_time": 0.4134986400604248, "passed": true}, "7": {"execution_time": 0.422013521194458, "passed": true}, "8": {"execution_time": 0.44732046127319336, "passed": true}, "9": {"execution_time": 0.46704578399658203, "passed": true}, "10": {"execution_time": 0.4101870059967041, "passed": true}, "11": {"execution_time": 0.3591890335083008, "passed": true}, "12": {"execution_time": 0.32849669456481934, "passed": true}, "13": {"execution_time": 0.9700064659118652, "passed": true}, "14": {"execution_time": 0.2300879955291748, "passed": true}}}, "check_style_score": "0/1"}