{"version": "1", "message": "ERROR: Hidden Testcases server unreachable.", "problem_id": "ads2_m4_a1_1", "user_id": "khyathimsit", "score": {"sample": {"0": {"execution_time": 0.47005796432495117, "passed": true}, "1": {"execution_time": 0.47009944915771484, "passed": true}, "2": {"execution_time": 0.5612571239471436, "passed": true}, "3": {"execution_time": 0.4881906509399414, "passed": true}, "4": {"execution_time": 0.5303845405578613, "passed": true}, "5": {"execution_time": 0.25896430015563965, "passed": true}, "6": {"execution_time": 0.3696858882904053, "passed": true}, "7": {"execution_time": 0.42020678520202637, "passed": true}, "8": {"execution_time": 0.3841245174407959, "passed": true}, "9": {"execution_time": 0.3357243537902832, "passed": true}, "10": {"execution_time": 0.4923834800720215, "passed": true}, "11": {"execution_time": 0.3638293743133545, "passed": true}, "12": {"execution_time": 0.3866143226623535, "passed": true}, "13": {"execution_time": 1.1466238498687744, "passed": true}, "14": {"execution_time": 0.45026683807373047, "passed": true}}}, "check_style_score": "0/1"}