{"version": "1", "message": "ERROR: Hidden Testcases server unreachable.", "problem_id": "ads2_m4_a1_1", "user_id": "khyathimsit", "score": {"sample": {"0": {"execution_time": 0.1720893383026123, "passed": false}, "1": {"execution_time": 0.21310925483703613, "passed": false}, "2": {"execution_time": 0.2237546443939209, "passed": false}, "3": {"execution_time": 0.3139522075653076, "passed": false}, "4": {"execution_time": 0.18664169311523438, "passed": false}, "5": {"execution_time": 0.2094588279724121, "passed": false}, "6": {"execution_time": 0.22382664680480957, "passed": false}, "7": {"execution_time": 0.18927264213562012, "passed": false}, "8": {"execution_time": 0.19342374801635742, "passed": false}, "9": {"execution_time": 0.20403480529785156, "passed": false}, "10": {"execution_time": 0.2392711639404297, "passed": false}, "11": {"execution_time": 0.19059252738952637, "passed": true}, "12": {"execution_time": 0.1649036407470703, "passed": true}, "13": {"execution_time": 0.7487504482269287, "passed": false}, "14": {"execution_time": 0.16338872909545898, "passed": false}}}, "check_style_score": "1/1"}