{"version": "1", "message": "ERROR: Hidden Testcases server unreachable.", "problem_id": "ads2_m4_a1_1", "user_id": "khyathimsit", "score": {"sample": {"0": {"execution_time": 0.1591358184814453, "passed": false}, "1": {"execution_time": 0.22394013404846191, "passed": false}, "2": {"execution_time": 0.2517578601837158, "passed": false}, "3": {"execution_time": 0.3062727451324463, "passed": false}, "4": {"execution_time": 0.17000865936279297, "passed": false}, "5": {"execution_time": 0.20039677619934082, "passed": false}, "6": {"execution_time": 0.25698423385620117, "passed": false}, "7": {"execution_time": 0.1779017448425293, "passed": false}, "8": {"execution_time": 0.15971040725708008, "passed": false}, "9": {"execution_time": 0.1962440013885498, "passed": false}, "10": {"execution_time": 0.19527983665466309, "passed": false}, "11": {"execution_time": 0.2197425365447998, "passed": true}, "12": {"execution_time": 0.18680715560913086, "passed": true}, "13": {"execution_time": 0.8160569667816162, "passed": false}, "14": {"execution_time": 0.19150328636169434, "passed": false}}}, "check_style_score": "0/1"}