{"version": "1", "message": "ERROR: Hidden Testcases server unreachable.", "problem_id": "ads2_m4_a1_1", "user_id": "khyathimsit", "score": {"sample": {"0": {"execution_time": 0.6760046482086182, "passed": true}, "1": {"execution_time": 0.6389729976654053, "passed": true}, "2": {"execution_time": 0.43450069427490234, "passed": true}, "3": {"execution_time": 0.5775208473205566, "passed": true}, "4": {"execution_time": 0.5075109004974365, "passed": true}, "5": {"execution_time": 0.6586349010467529, "passed": true}, "6": {"execution_time": 0.46506643295288086, "passed": true}, "7": {"execution_time": 0.4484250545501709, "passed": true}, "8": {"execution_time": 0.5270323753356934, "passed": true}, "9": {"execution_time": 0.45306825637817383, "passed": true}, "10": {"execution_time": 0.4508347511291504, "passed": true}, "11": {"execution_time": 0.28719615936279297, "passed": true}, "12": {"execution_time": 0.48009824752807617, "passed": true}, "13": {"execution_time": 1.2347562313079834, "passed": true}, "14": {"execution_time": 0.5506916046142578, "passed": true}}}, "check_style_score": "0/1"}