{"version": "1", "message": "ERROR: Hidden Testcases server unreachable.", "problem_id": "ads2_m4_a1_1", "user_id": "khyathimsit", "score": {"sample": {"0": {"execution_time": 0.18831729888916016, "passed": false}, "1": {"execution_time": 0.2282252311706543, "passed": false}, "2": {"execution_time": 0.22312235832214355, "passed": false}, "3": {"execution_time": 0.2712674140930176, "passed": false}, "4": {"execution_time": 0.1719038486480713, "passed": false}, "5": {"execution_time": 0.17606019973754883, "passed": false}, "6": {"execution_time": 0.23999714851379395, "passed": false}, "7": {"execution_time": 0.18553805351257324, "passed": false}, "8": {"execution_time": 0.2199873924255371, "passed": false}, "9": {"execution_time": 0.23117542266845703, "passed": false}, "10": {"execution_time": 0.17994093894958496, "passed": false}, "11": {"execution_time": 0.20013856887817383, "passed": true}, "12": {"execution_time": 0.20334196090698242, "passed": true}, "13": {"execution_time": 0.7616713047027588, "passed": false}, "14": {"execution_time": 0.2378683090209961, "passed": false}}}, "check_style_score": "0/1"}