{"version": "1", "message": "ERROR: Hidden Testcases server unreachable.", "problem_id": "ads2_m4_a1_1", "user_id": "khyathimsit", "score": {"sample": {"0": {"execution_time": 0.5194580554962158, "passed": true}, "1": {"execution_time": 0.5747663974761963, "passed": true}, "2": {"execution_time": 0.48334431648254395, "passed": true}, "3": {"execution_time": 0.5463898181915283, "passed": true}, "4": {"execution_time": 0.46795129776000977, "passed": true}, "5": {"execution_time": 0.5075511932373047, "passed": true}, "6": {"execution_time": 0.5085363388061523, "passed": true}, "7": {"execution_time": 0.549954891204834, "passed": true}, "8": {"execution_time": 0.5777761936187744, "passed": true}, "9": {"execution_time": 0.26468920707702637, "passed": true}, "10": {"execution_time": 0.3288443088531494, "passed": true}, "11": {"execution_time": 0.41694188117980957, "passed": true}, "12": {"execution_time": 0.3076932430267334, "passed": true}, "13": {"execution_time": 1.1049485206604004, "passed": true}, "14": {"execution_time": 0.44019412994384766, "passed": true}}}, "check_style_score": "0/1"}