{"version": "1", "message": "ERROR: Hidden Testcases server unreachable.", "problem_id": "ads2_m4_a1_1", "user_id": "khyathimsit", "score": {"sample": {"0": {"execution_time": 0.15999770164489746, "passed": false}, "1": {"execution_time": 0.2281501293182373, "passed": false}, "2": {"execution_time": 0.2843313217163086, "passed": false}, "3": {"execution_time": 0.24954462051391602, "passed": false}, "4": {"execution_time": 0.21016812324523926, "passed": false}, "5": {"execution_time": 0.2112290859222412, "passed": false}, "6": {"execution_time": 0.17818117141723633, "passed": false}, "7": {"execution_time": 0.1650228500366211, "passed": false}, "8": {"execution_time": 0.2070152759552002, "passed": false}, "9": {"execution_time": 0.181565523147583, "passed": false}, "10": {"execution_time": 0.21744394302368164, "passed": false}, "11": {"execution_time": 0.32043910026550293, "passed": true}, "12": {"execution_time": 0.22480273246765137, "passed": true}, "13": {"execution_time": 0.7546663284301758, "passed": false}, "14": {"execution_time": 0.19766640663146973, "passed": false}}}, "check_style_score": "1/1"}