{"version": "1", "message": "ERROR: Hidden Testcases server unreachable.", "problem_id": "ads2_m4_a1_1", "user_id": "khyathimsit", "score": {"sample": {"0": {"execution_time": 0.182783842086792, "passed": false}, "1": {"execution_time": 0.1997675895690918, "passed": false}, "2": {"execution_time": 0.2585916519165039, "passed": false}, "3": {"execution_time": 0.25532054901123047, "passed": false}, "4": {"execution_time": 0.19393396377563477, "passed": false}, "5": {"execution_time": 0.23419642448425293, "passed": false}, "6": {"execution_time": 0.2100052833557129, "passed": false}, "7": {"execution_time": 0.16635775566101074, "passed": false}, "8": {"execution_time": 0.17453455924987793, "passed": false}, "9": {"execution_time": 0.26343250274658203, "passed": false}, "10": {"execution_time": 0.17566728591918945, "passed": false}, "11": {"execution_time": 0.20245885848999023, "passed": true}, "12": {"execution_time": 0.20286059379577637, "passed": true}, "13": {"execution_time": 0.7398107051849365, "passed": false}, "14": {"execution_time": 0.18336987495422363, "passed": false}}}, "check_style_score": "1/1"}